impl,np,road_length,density,repetition,wall_time_ms,avg_velocity
traffic_mpi,2,8000,0.50,1,29.285,0.988264
traffic_mpi_opt,2,8000,0.50,1,27.969,0.996119
traffic_mpi,2,64000,0.50,1,223.465,0.987648
traffic_mpi_opt,2,64000,0.50,1,78.593,0.974990
traffic_mpi,2,500000,0.50,1,1721.056,0.988699
traffic_mpi_opt,2,500000,0.50,1,651.934,0.989969
traffic_mpi,2,2000000,0.50,1,6924.939,0.989986
traffic_mpi_opt,2,2000000,0.50,1,2573.844,0.989345
traffic_mpi,2,5000000,0.50,1,17585.710,0.989565
traffic_mpi_opt,2,5000000,0.50,1,6356.066,0.989680
traffic_mpi,2,10000000,0.50,1,22504.684,0.990385
traffic_mpi_opt,2,10000000,0.50,1,12647.730,0.990343
traffic_mpi,3,8000,0.50,1,927.749,0.996443
traffic_mpi_opt,3,8000,0.50,1,932.121,0.975638
traffic_mpi,3,64000,0.50,1,929.480,0.989145
traffic_mpi_opt,3,64000,0.50,1,926.497,0.987169
traffic_mpi,3,500000,0.50,1,1354.633,0.989191
traffic_mpi_opt,3,500000,0.50,1,926.801,0.985240
traffic_mpi,3,2000000,0.50,1,3378.870,0.990473
traffic_mpi_opt,3,2000000,0.50,1,2161.267,0.987784
traffic_mpi,3,5000000,0.50,1,7646.036,0.990353
traffic_mpi_opt,3,5000000,0.50,1,4626.489,0.989938
traffic_mpi,3,10000000,0.50,1,23428.281,0.990373
traffic_mpi_opt,3,10000000,0.50,1,8777.075,0.989559
traffic_mpi,4,8000,0.50,1,965.716,0.994088
traffic_mpi_opt,4,8000,0.50,1,949.275,0.970891
traffic_mpi,4,64000,0.50,1,955.169,0.979781
traffic_mpi_opt,4,64000,0.50,1,947.658,0.987311
traffic_mpi,4,500000,0.50,1,1376.268,0.990798
traffic_mpi_opt,4,500000,0.50,1,947.218,0.991923
traffic_mpi,4,2000000,0.50,1,4067.451,0.989709
traffic_mpi_opt,4,2000000,0.50,1,1735.055,0.989024
traffic_mpi,4,5000000,0.50,1,9405.046,0.990412
traffic_mpi_opt,4,5000000,0.50,1,3517.600,0.989277
traffic_mpi,4,10000000,0.50,1,18440.195,0.990556
traffic_mpi_opt,4,10000000,0.50,1,6720.790,0.990463
traffic_mpi,5,8000,0.50,1,1001.230,0.981752
traffic_mpi_opt,5,8000,0.50,1,994.357,0.997573
traffic_mpi,5,64000,0.50,1,984.832,0.990089
traffic_mpi_opt,5,64000,0.50,1,983.554,0.992584
traffic_mpi,5,500000,0.50,1,1326.147,0.988835
traffic_mpi_opt,5,500000,0.50,1,1042.671,0.990100
traffic_mpi,5,2000000,0.50,1,3467.126,0.991420
traffic_mpi_opt,5,2000000,0.50,1,1609.444,0.988924
traffic_mpi,5,5000000,0.50,1,7806.318,0.989648
traffic_mpi_opt,5,5000000,0.50,1,3060.045,0.990499
traffic_mpi,5,10000000,0.50,1,15052.915,0.990415
traffic_mpi_opt,5,10000000,0.50,1,5478.189,0.990195
traffic_mpi,6,8000,0.50,1,975.578,0.998660
traffic_mpi_opt,6,8000,0.50,1,982.449,0.998639
traffic_mpi,6,64000,0.50,1,982.213,0.983127
traffic_mpi_opt,6,64000,0.50,1,975.698,0.985111
traffic_mpi,6,500000,0.50,1,1204.218,0.990742
traffic_mpi_opt,6,500000,0.50,1,1020.444,0.990623
traffic_mpi,6,2000000,0.50,1,2974.891,0.989209
traffic_mpi_opt,6,2000000,0.50,1,1426.122,0.990203
traffic_mpi,6,5000000,0.50,1,6713.125,0.991514
traffic_mpi_opt,6,5000000,0.50,1,2657.721,0.989672
traffic_mpi,6,10000000,0.50,1,12519.101,0.990725
traffic_mpi_opt,6,10000000,0.50,1,4700.174,0.990569
traffic_mpi_opt,2,20000000,0.10,1,25280.181,1.000000
traffic_mpi_opt,2,20000000,0.30,1,25189.784,1.000000
traffic_mpi_opt,2,20000000,0.50,1,25326.824,0.990179
traffic_mpi_opt,2,20000000,0.70,1,25411.021,0.428561
traffic_mpi_opt,2,20000000,0.90,1,25424.408,0.110989
traffic_mpi_opt,3,20000000,0.10,1,17229.802,1.000000
traffic_mpi_opt,3,20000000,0.30,1,17056.807,1.000000
traffic_mpi_opt,3,20000000,0.50,1,17001.313,0.990721
traffic_mpi_opt,3,20000000,0.70,1,17084.190,0.428473
traffic_mpi_opt,3,20000000,0.90,1,17192.954,0.111012
traffic_mpi_opt,4,20000000,0.10,1,12792.384,1.000000
traffic_mpi_opt,4,20000000,0.30,1,13045.289,1.000000
traffic_mpi_opt,4,20000000,0.50,1,12868.204,0.990604
traffic_mpi_opt,4,20000000,0.70,1,12861.428,0.428349
traffic_mpi_opt,4,20000000,0.90,1,12914.586,0.111124
traffic_mpi,2,8000,0.50,2,28.174,0.958294
traffic_mpi_opt,2,8000,0.50,2,11.124,0.969296
traffic_mpi,2,64000,0.50,2,225.430,0.975718
traffic_mpi_opt,2,64000,0.50,2,81.153,0.990438
traffic_mpi,2,500000,0.50,2,1728.623,0.989555
traffic_mpi_opt,2,500000,0.50,2,655.208,0.987655
traffic_mpi,2,2000000,0.50,2,7151.027,0.990023
traffic_mpi_opt,2,2000000,0.50,2,2545.460,0.990791
traffic_mpi,2,5000000,0.50,2,17544.976,0.990452
traffic_mpi_opt,2,5000000,0.50,2,6317.552,0.990479
traffic_mpi,2,10000000,0.50,2,35355.844,0.989907
traffic_mpi_opt,2,10000000,0.50,2,12954.894,0.990028
traffic_mpi,3,8000,0.50,2,926.666,0.982870
traffic_mpi_opt,3,8000,0.50,2,933.458,0.990506
traffic_mpi,3,64000,0.50,2,933.274,0.985763
traffic_mpi_opt,3,64000,0.50,2,924.060,0.996537
traffic_mpi,3,500000,0.50,2,1374.200,0.989575
traffic_mpi_opt,3,500000,0.50,2,926.507,0.988037
traffic_mpi,3,2000000,0.50,2,4711.170,0.989847
traffic_mpi_opt,3,2000000,0.50,2,2163.556,0.991364
traffic_mpi,3,5000000,0.50,2,11812.673,0.990020
traffic_mpi_opt,3,5000000,0.50,2,4648.653,0.989044
traffic_mpi,3,10000000,0.50,2,23373.971,0.990774
traffic_mpi_opt,3,10000000,0.50,2,8784.915,0.990059
traffic_mpi,4,8000,0.50,2,949.008,1.000000
traffic_mpi_opt,4,8000,0.50,2,959.139,0.990198
traffic_mpi,4,64000,0.50,2,936.245,0.990476
traffic_mpi_opt,4,64000,0.50,2,942.012,0.993227
traffic_mpi,4,500000,0.50,2,1380.077,0.988920
traffic_mpi_opt,4,500000,0.50,2,963.724,0.990936
traffic_mpi,4,2000000,0.50,2,4068.101,0.988823
traffic_mpi_opt,4,2000000,0.50,2,1728.439,0.989959
traffic_mpi,4,5000000,0.50,2,9438.297,0.990251
traffic_mpi_opt,4,5000000,0.50,2,3572.181,0.990230
traffic_mpi,4,10000000,0.50,2,18428.357,0.991176
traffic_mpi_opt,4,10000000,0.50,2,6868.866,0.990154
traffic_mpi,5,8000,0.50,2,1019.898,0.965557
traffic_mpi_opt,5,8000,0.50,2,1016.487,0.977948
traffic_mpi,5,64000,0.50,2,991.821,0.990710
traffic_mpi_opt,5,64000,0.50,2,1013.978,0.981793
traffic_mpi,5,500000,0.50,2,1330.003,0.990793
traffic_mpi_opt,5,500000,0.50,2,1052.875,0.988611
traffic_mpi,5,2000000,0.50,2,3497.276,0.989509
traffic_mpi_opt,5,2000000,0.50,2,1596.705,0.989731
traffic_mpi,5,5000000,0.50,2,7818.868,0.988835
traffic_mpi_opt,5,5000000,0.50,2,3107.688,0.989579
traffic_mpi,5,10000000,0.50,2,15082.447,0.989711
traffic_mpi_opt,5,10000000,0.50,2,5539.258,0.990980
traffic_mpi,6,8000,0.50,2,972.347,0.976971
traffic_mpi_opt,6,8000,0.50,2,971.049,0.953656
traffic_mpi,6,64000,0.50,2,955.226,0.990849
traffic_mpi_opt,6,64000,0.50,2,973.255,0.994054
traffic_mpi,6,500000,0.50,2,1248.860,0.991679
traffic_mpi_opt,6,500000,0.50,2,1016.061,0.987176
traffic_mpi,6,2000000,0.50,2,2959.185,0.989248
traffic_mpi_opt,6,2000000,0.50,2,1413.191,0.989539
traffic_mpi,6,5000000,0.50,2,6388.646,0.990918
traffic_mpi_opt,6,5000000,0.50,2,2600.532,0.989506
traffic_mpi,6,10000000,0.50,2,12446.097,0.990131
traffic_mpi_opt,6,10000000,0.50,2,4585.937,0.989678
traffic_mpi_opt,2,20000000,0.10,2,25461.267,1.000000
traffic_mpi_opt,2,20000000,0.30,2,25122.060,1.000000
traffic_mpi_opt,2,20000000,0.50,2,25122.200,0.989803
traffic_mpi_opt,2,20000000,0.70,2,25137.010,0.428511
traffic_mpi_opt,2,20000000,0.90,2,24744.649,0.111007
traffic_mpi_opt,3,20000000,0.10,2,17106.477,1.000000
traffic_mpi_opt,3,20000000,0.30,2,17042.113,1.000000
traffic_mpi_opt,3,20000000,0.50,2,17102.760,0.990443
traffic_mpi_opt,3,20000000,0.70,2,17170.614,0.428528
traffic_mpi_opt,3,20000000,0.90,2,17167.845,0.111060
traffic_mpi_opt,4,20000000,0.10,2,12787.494,1.000000
traffic_mpi_opt,4,20000000,0.30,2,12811.295,1.000000
traffic_mpi_opt,4,20000000,0.50,2,13007.290,0.990094
traffic_mpi_opt,4,20000000,0.70,2,12757.167,0.428408
traffic_mpi_opt,4,20000000,0.90,2,13103.752,0.111154
traffic_mpi,2,8000,0.50,3,29.098,0.983430
traffic_mpi_opt,2,8000,0.50,3,11.644,0.997508
traffic_mpi,2,64000,0.50,3,223.345,0.980503
traffic_mpi_opt,2,64000,0.50,3,80.076,0.989821
traffic_mpi,2,500000,0.50,3,1756.268,0.988014
traffic_mpi_opt,2,500000,0.50,3,645.895,0.988833
traffic_mpi,2,2000000,0.50,3,7153.642,0.990225
traffic_mpi_opt,2,2000000,0.50,3,2498.567,0.989524
traffic_mpi,2,5000000,0.50,3,17414.119,0.989184
traffic_mpi_opt,2,5000000,0.50,3,6358.649,0.989645
traffic_mpi,2,10000000,0.50,3,34726.192,0.989569
traffic_mpi_opt,2,10000000,0.50,3,12863.229,0.989662
traffic_mpi,3,8000,0.50,3,931.387,0.992560
traffic_mpi_opt,3,8000,0.50,3,939.616,0.998395
traffic_mpi,3,64000,0.50,3,927.710,0.984758
traffic_mpi_opt,3,64000,0.50,3,925.818,0.982595
traffic_mpi,3,500000,0.50,3,1365.419,0.987890
traffic_mpi_opt,3,500000,0.50,3,930.060,0.989106
traffic_mpi,3,2000000,0.50,3,4772.398,0.989350
traffic_mpi_opt,3,2000000,0.50,3,2155.047,0.990159
traffic_mpi,3,5000000,0.50,3,11577.951,0.990890
traffic_mpi_opt,3,5000000,0.50,3,4627.835,0.989533
traffic_mpi,3,10000000,0.50,3,23179.913,0.989989
traffic_mpi_opt,3,10000000,0.50,3,8777.998,0.990603
traffic_mpi,4,8000,0.50,3,939.999,0.975643
traffic_mpi_opt,4,8000,0.50,3,942.594,0.985409
traffic_mpi,4,64000,0.50,3,937.907,0.990291
traffic_mpi_opt,4,64000,0.50,3,956.074,0.980942
traffic_mpi,4,500000,0.50,3,1367.850,0.987865
traffic_mpi_opt,4,500000,0.50,3,932.004,0.989898
traffic_mpi,4,2000000,0.50,3,4044.287,0.991494
traffic_mpi_opt,4,2000000,0.50,3,1732.161,0.991119
traffic_mpi,4,5000000,0.50,3,9414.034,0.991026
traffic_mpi_opt,4,5000000,0.50,3,3557.735,0.989764
traffic_mpi,4,10000000,0.50,3,18349.237,0.989483
traffic_mpi_opt,4,10000000,0.50,3,6626.775,0.990103
traffic_mpi,5,8000,0.50,3,990.272,0.992516
traffic_mpi_opt,5,8000,0.50,3,978.824,0.997216
traffic_mpi,5,64000,0.50,3,978.367,0.989265
traffic_mpi_opt,5,64000,0.50,3,1012.784,0.980924
traffic_mpi,5,500000,0.50,3,1325.810,0.988855
traffic_mpi_opt,5,500000,0.50,3,1045.237,0.989591
traffic_mpi,5,2000000,0.50,3,3484.604,0.989837
traffic_mpi_opt,5,2000000,0.50,3,1594.903,0.989261
traffic_mpi,5,5000000,0.50,3,7772.072,0.989790
traffic_mpi_opt,5,5000000,0.50,3,3074.568,0.989984
traffic_mpi,5,10000000,0.50,3,15067.056,0.990159
traffic_mpi_opt,5,10000000,0.50,3,5546.669,0.990129
traffic_mpi,6,8000,0.50,3,975.875,0.997512
traffic_mpi_opt,6,8000,0.50,3,975.960,1.000000
traffic_mpi,6,64000,0.50,3,974.643,0.992602
traffic_mpi_opt,6,64000,0.50,3,982.505,0.986296
traffic_mpi,6,500000,0.50,3,1188.096,0.988493
traffic_mpi_opt,6,500000,0.50,3,1018.308,0.988809
traffic_mpi,6,2000000,0.50,3,2894.442,0.990184
traffic_mpi_opt,6,2000000,0.50,3,1411.383,0.990663
traffic_mpi,6,5000000,0.50,3,6416.601,0.990640
traffic_mpi_opt,6,5000000,0.50,3,2572.167,0.990792
traffic_mpi,6,10000000,0.50,3,12422.600,0.990046
traffic_mpi_opt,6,10000000,0.50,3,4620.583,0.990223
traffic_mpi_opt,2,20000000,0.10,3,25102.139,1.000000
traffic_mpi_opt,2,20000000,0.30,3,25168.654,1.000000
traffic_mpi_opt,2,20000000,0.50,3,25636.227,0.990203
traffic_mpi_opt,2,20000000,0.70,3,25557.092,0.428537
traffic_mpi_opt,2,20000000,0.90,3,25364.760,0.111045
traffic_mpi_opt,3,20000000,0.10,3,17073.624,1.000000
traffic_mpi_opt,3,20000000,0.30,3,17072.579,1.000000
traffic_mpi_opt,3,20000000,0.50,3,17139.294,0.990085
traffic_mpi_opt,3,20000000,0.70,3,17065.408,0.428384
traffic_mpi_opt,3,20000000,0.90,3,17026.509,0.111213
traffic_mpi_opt,4,20000000,0.10,3,12985.773,1.000000
traffic_mpi_opt,4,20000000,0.30,3,12883.954,1.000000
traffic_mpi_opt,4,20000000,0.50,3,12804.971,0.990561
traffic_mpi_opt,4,20000000,0.70,3,12882.268,0.428489
traffic_mpi_opt,4,20000000,0.90,3,12836.783,0.111260
traffic_mpi,2,8000,0.50,4,27.474,0.999509
traffic_mpi_opt,2,8000,0.50,4,10.796,0.999509
traffic_mpi,2,64000,0.50,4,220.935,0.992362
traffic_mpi_opt,2,64000,0.50,4,79.506,0.982713
traffic_mpi,2,500000,0.50,4,1733.215,0.991521
traffic_mpi_opt,2,500000,0.50,4,630.080,0.988981
traffic_mpi,2,2000000,0.50,4,6884.214,0.991073
traffic_mpi_opt,2,2000000,0.50,4,2612.930,0.989073
traffic_mpi,2,5000000,0.50,4,17250.233,0.990453
traffic_mpi_opt,2,5000000,0.50,4,6420.172,0.990010
traffic_mpi,2,10000000,0.50,4,34853.386,0.990064
traffic_mpi_opt,2,10000000,0.50,4,12676.161,0.989770
traffic_mpi,3,8000,0.50,4,931.781,0.994562
traffic_mpi_opt,3,8000,0.50,4,930.703,0.964759
traffic_mpi,3,64000,0.50,4,926.408,0.985049
traffic_mpi_opt,3,64000,0.50,4,936.430,0.986787
traffic_mpi,3,500000,0.50,4,1349.532,0.988912
traffic_mpi_opt,3,500000,0.50,4,932.030,0.987444
traffic_mpi,3,2000000,0.50,4,4614.399,0.990748
traffic_mpi_opt,3,2000000,0.50,4,2130.837,0.989954
traffic_mpi,3,5000000,0.50,4,11678.195,0.990182
traffic_mpi_opt,3,5000000,0.50,4,4692.417,0.990537
traffic_mpi,3,10000000,0.50,4,23220.531,0.989518
traffic_mpi_opt,3,10000000,0.50,4,8753.832,0.989565
traffic_mpi,4,8000,0.50,4,943.884,0.983737
traffic_mpi_opt,4,8000,0.50,4,951.531,0.985028
traffic_mpi,4,64000,0.50,4,936.515,0.984360
traffic_mpi_opt,4,64000,0.50,4,949.934,0.980998
traffic_mpi,4,500000,0.50,4,1373.236,0.988911
traffic_mpi_opt,4,500000,0.50,4,946.034,0.986447
traffic_mpi,4,2000000,0.50,4,4066.293,0.989780
traffic_mpi_opt,4,2000000,0.50,4,1743.324,0.988376
traffic_mpi,4,5000000,0.50,4,9476.973,0.990768
traffic_mpi_opt,4,5000000,0.50,4,3610.715,0.989554
traffic_mpi,4,10000000,0.50,4,18495.412,0.990328
traffic_mpi_opt,4,10000000,0.50,4,6906.881,0.990076
traffic_mpi,5,8000,0.50,4,1005.551,0.977438
traffic_mpi_opt,5,8000,0.50,4,1002.788,0.992207
traffic_mpi,5,64000,0.50,4,973.076,0.985527
traffic_mpi_opt,5,64000,0.50,4,980.366,0.986452
traffic_mpi,5,500000,0.50,4,1334.114,0.988471
traffic_mpi_opt,5,500000,0.50,4,1045.298,0.988438
traffic_mpi,5,2000000,0.50,4,3501.916,0.990804
traffic_mpi_opt,5,2000000,0.50,4,1607.956,0.989311
traffic_mpi,5,5000000,0.50,4,7807.891,0.990298
traffic_mpi_opt,5,5000000,0.50,4,3061.403,0.989901
traffic_mpi,5,10000000,0.50,4,15022.134,0.990426
traffic_mpi_opt,5,10000000,0.50,4,5469.019,0.989941
traffic_mpi,6,8000,0.50,4,974.189,0.954720
traffic_mpi_opt,6,8000,0.50,4,985.923,0.985148
traffic_mpi,6,64000,0.50,4,971.482,0.990768
traffic_mpi_opt,6,64000,0.50,4,986.656,0.983299
traffic_mpi,6,500000,0.50,4,1199.331,0.989803
traffic_mpi_opt,6,500000,0.50,4,1017.797,0.988424
traffic_mpi,6,2000000,0.50,4,2918.229,0.990677
traffic_mpi_opt,6,2000000,0.50,4,1417.557,0.989134
traffic_mpi,6,5000000,0.50,4,6453.190,0.990194
traffic_mpi_opt,6,5000000,0.50,4,2592.506,0.990649
traffic_mpi,6,10000000,0.50,4,12395.798,0.990035
traffic_mpi_opt,6,10000000,0.50,4,4588.141,0.989947
traffic_mpi_opt,2,20000000,0.10,4,25178.526,1.000000
traffic_mpi_opt,2,20000000,0.30,4,25455.566,1.000000
traffic_mpi_opt,2,20000000,0.50,4,25319.644,0.989969
traffic_mpi_opt,2,20000000,0.70,4,25673.279,0.428418
traffic_mpi_opt,2,20000000,0.90,4,25624.433,0.111119
traffic_mpi_opt,3,20000000,0.10,4,17110.076,1.000000
traffic_mpi_opt,3,20000000,0.30,4,17212.309,1.000000
traffic_mpi_opt,3,20000000,0.50,4,17068.708,0.989648
traffic_mpi_opt,3,20000000,0.70,4,17204.350,0.428402
traffic_mpi_opt,3,20000000,0.90,4,17312.512,0.111071
traffic_mpi_opt,4,20000000,0.10,4,12810.326,1.000000
traffic_mpi_opt,4,20000000,0.30,4,12723.926,1.000000
traffic_mpi_opt,4,20000000,0.50,4,12858.067,0.989839
traffic_mpi_opt,4,20000000,0.70,4,12878.259,0.428472
traffic_mpi_opt,4,20000000,0.90,4,13043.446,0.111115
traffic_mpi,2,8000,0.50,5,27.617,0.984941
traffic_mpi_opt,2,8000,0.50,5,11.565,0.992044
traffic_mpi,2,64000,0.50,5,223.354,0.987702
traffic_mpi_opt,2,64000,0.50,5,80.952,0.986007
traffic_mpi,2,500000,0.50,5,1742.095,0.989668
traffic_mpi_opt,2,500000,0.50,5,658.044,0.987734
traffic_mpi,2,2000000,0.50,5,6935.596,0.991856
traffic_mpi_opt,2,2000000,0.50,5,2582.284,0.989048
traffic_mpi,2,5000000,0.50,5,17545.018,0.989528
traffic_mpi_opt,2,5000000,0.50,5,6400.832,0.991526
traffic_mpi,2,10000000,0.50,5,34577.984,0.989774
traffic_mpi_opt,2,10000000,0.50,5,12811.581,0.989178
traffic_mpi,3,8000,0.50,5,935.355,0.961866
traffic_mpi_opt,3,8000,0.50,5,937.409,0.983934
traffic_mpi,3,64000,0.50,5,926.551,0.991877
traffic_mpi_opt,3,64000,0.50,5,926.700,0.983962
traffic_mpi,3,500000,0.50,5,1371.628,0.989560
traffic_mpi_opt,3,500000,0.50,5,926.836,0.990126
traffic_mpi,3,2000000,0.50,5,4715.723,0.988177
traffic_mpi_opt,3,2000000,0.50,5,2136.838,0.989228
traffic_mpi,3,5000000,0.50,5,11671.024,0.990673
traffic_mpi_opt,3,5000000,0.50,5,4681.450,0.989530
traffic_mpi,3,10000000,0.50,5,23450.951,0.990568
traffic_mpi_opt,3,10000000,0.50,5,8785.324,0.989705
traffic_mpi,4,8000,0.50,5,936.011,0.965043
traffic_mpi_opt,4,8000,0.50,5,938.713,0.975898
traffic_mpi,4,64000,0.50,5,949.070,0.988694
traffic_mpi_opt,4,64000,0.50,5,935.784,0.976339
traffic_mpi,4,500000,0.50,5,1378.537,0.989658
traffic_mpi_opt,4,500000,0.50,5,954.882,0.988735
traffic_mpi,4,2000000,0.50,5,4097.066,0.990354
traffic_mpi_opt,4,2000000,0.50,5,1747.604,0.990029
traffic_mpi,4,5000000,0.50,5,9278.592,0.991086
traffic_mpi_opt,4,5000000,0.50,5,3596.878,0.989544
traffic_mpi,4,10000000,0.50,5,18514.459,0.990617
traffic_mpi_opt,4,10000000,0.50,5,6628.112,0.989996
traffic_mpi,5,8000,0.50,5,992.092,0.970818
traffic_mpi_opt,5,8000,0.50,5,997.976,0.989035
traffic_mpi,5,64000,0.50,5,967.665,0.993994
traffic_mpi_opt,5,64000,0.50,5,972.589,0.982121
traffic_mpi,5,500000,0.50,5,1321.644,0.991339
traffic_mpi_opt,5,500000,0.50,5,1056.759,0.987838
traffic_mpi,5,2000000,0.50,5,3484.752,0.990588
traffic_mpi_opt,5,2000000,0.50,5,1604.131,0.990381
traffic_mpi,5,5000000,0.50,5,7812.884,0.989681
traffic_mpi_opt,5,5000000,0.50,5,3069.162,0.989900
traffic_mpi,5,10000000,0.50,5,15058.633,0.989709
traffic_mpi_opt,5,10000000,0.50,5,5481.905,0.989255
traffic_mpi,6,8000,0.50,5,979.543,0.980219
traffic_mpi_opt,6,8000,0.50,5,981.646,0.980583
traffic_mpi,6,64000,0.50,5,954.866,0.986634
traffic_mpi_opt,6,64000,0.50,5,970.049,0.983924
traffic_mpi,6,500000,0.50,5,1193.831,0.989494
traffic_mpi_opt,6,500000,0.50,5,1019.631,0.990014
traffic_mpi,6,2000000,0.50,5,2900.181,0.989521
traffic_mpi_opt,6,2000000,0.50,5,1432.454,0.990685
traffic_mpi,6,5000000,0.50,5,6447.137,0.989114
traffic_mpi_opt,6,5000000,0.50,5,2615.946,0.989663
traffic_mpi,6,10000000,0.50,5,11961.140,0.990019
traffic_mpi_opt,6,10000000,0.50,5,4679.423,0.990746
traffic_mpi_opt,2,20000000,0.10,5,25369.343,1.000000
traffic_mpi_opt,2,20000000,0.30,5,25487.579,1.000000
traffic_mpi_opt,2,20000000,0.50,5,25323.974,0.989708
traffic_mpi_opt,2,20000000,0.70,5,25188.400,0.428058
traffic_mpi_opt,2,20000000,0.90,5,25556.018,0.111192
traffic_mpi_opt,3,20000000,0.10,5,17090.840,1.000000
traffic_mpi_opt,3,20000000,0.30,5,17344.084,1.000000
traffic_mpi_opt,3,20000000,0.50,5,17177.981,0.990292
traffic_mpi_opt,3,20000000,0.70,5,17247.139,0.428430
traffic_mpi_opt,3,20000000,0.90,5,17062.283,0.111077
traffic_mpi_opt,4,20000000,0.10,5,12995.980,1.000000
traffic_mpi_opt,4,20000000,0.30,5,12811.492,1.000000
traffic_mpi_opt,4,20000000,0.50,5,12901.248,0.989982
traffic_mpi_opt,4,20000000,0.70,5,12885.101,0.428793
traffic_mpi_opt,4,20000000,0.90,5,13026.389,0.111187
traffic_mpi,2,8000,0.50,6,27.673,0.996186
traffic_mpi_opt,2,8000,0.50,6,10.858,0.946472
traffic_mpi,2,64000,0.50,6,221.328,0.991759
traffic_mpi_opt,2,64000,0.50,6,82.161,0.989411
traffic_mpi,2,500000,0.50,6,1752.484,0.988222
traffic_mpi_opt,2,500000,0.50,6,647.142,0.985435
traffic_mpi,2,2000000,0.50,6,6990.071,0.991667
traffic_mpi_opt,2,2000000,0.50,6,2549.102,0.988475
traffic_mpi,2,5000000,0.50,6,17654.970,0.990050
traffic_mpi_opt,2,5000000,0.50,6,6456.516,0.989828
traffic_mpi,2,10000000,0.50,6,35034.279,0.989724
traffic_mpi_opt,2,10000000,0.50,6,12764.618,0.989215
traffic_mpi,3,8000,0.50,6,933.379,0.978085
traffic_mpi_opt,3,8000,0.50,6,927.527,0.995059
traffic_mpi,3,64000,0.50,6,926.417,0.993440
traffic_mpi_opt,3,64000,0.50,6,937.835,0.982516
traffic_mpi,3,500000,0.50,6,1369.860,0.987501
traffic_mpi_opt,3,500000,0.50,6,929.220,0.990293
traffic_mpi,3,2000000,0.50,6,4697.243,0.989131
traffic_mpi_opt,3,2000000,0.50,6,2170.098,0.990048
traffic_mpi,3,5000000,0.50,6,11638.161,0.990201
traffic_mpi_opt,3,5000000,0.50,6,4660.112,0.990380
traffic_mpi,3,10000000,0.50,6,23531.145,0.990123
traffic_mpi_opt,3,10000000,0.50,6,8784.518,0.990640
traffic_mpi,4,8000,0.50,6,950.364,0.993996
traffic_mpi_opt,4,8000,0.50,6,962.211,1.000000
traffic_mpi,4,64000,0.50,6,954.560,0.987901
traffic_mpi_opt,4,64000,0.50,6,939.330,0.987926
traffic_mpi,4,500000,0.50,6,1376.765,0.988363
traffic_mpi_opt,4,500000,0.50,6,950.173,0.991844
traffic_mpi,4,2000000,0.50,6,4047.650,0.991038
traffic_mpi_opt,4,2000000,0.50,6,1717.007,0.989524
traffic_mpi,4,5000000,0.50,6,9424.746,0.990735
traffic_mpi_opt,4,5000000,0.50,6,3558.788,0.989379
traffic_mpi,4,10000000,0.50,6,18358.367,0.990610
traffic_mpi_opt,4,10000000,0.50,6,6680.524,0.989417
traffic_mpi,5,8000,0.50,6,990.780,0.990281
traffic_mpi_opt,5,8000,0.50,6,998.244,0.994016
traffic_mpi,5,64000,0.50,6,978.663,0.986619
traffic_mpi_opt,5,64000,0.50,6,1017.709,0.994887
traffic_mpi,5,500000,0.50,6,1323.192,0.988949
traffic_mpi_opt,5,500000,0.50,6,1053.707,0.991477
traffic_mpi,5,2000000,0.50,6,3467.310,0.989828
traffic_mpi_opt,5,2000000,0.50,6,1611.245,0.988386
traffic_mpi,5,5000000,0.50,6,7826.350,0.990405
traffic_mpi_opt,5,5000000,0.50,6,3091.880,0.988574
traffic_mpi,5,10000000,0.50,6,15078.831,0.990407
traffic_mpi_opt,5,10000000,0.50,6,5539.605,0.990525
traffic_mpi,6,8000,0.50,6,974.403,0.986584
traffic_mpi_opt,6,8000,0.50,6,954.840,0.987697
traffic_mpi,6,64000,0.50,6,956.315,0.984582
traffic_mpi_opt,6,64000,0.50,6,957.949,0.990162
traffic_mpi,6,500000,0.50,6,1193.256,0.989450
traffic_mpi_opt,6,500000,0.50,6,1016.235,0.985731
traffic_mpi,6,2000000,0.50,6,2944.109,0.990754
traffic_mpi_opt,6,2000000,0.50,6,1424.390,0.989191
traffic_mpi,6,5000000,0.50,6,6470.590,0.989088
traffic_mpi_opt,6,5000000,0.50,6,2691.716,0.990071
traffic_mpi,6,10000000,0.50,6,11984.105,0.989380
traffic_mpi_opt,6,10000000,0.50,6,4661.904,0.989826
traffic_mpi_opt,2,20000000,0.10,6,25723.124,1.000000
traffic_mpi_opt,2,20000000,0.30,6,25721.996,1.000000
traffic_mpi_opt,2,20000000,0.50,6,25580.782,0.990671
traffic_mpi_opt,2,20000000,0.70,6,25654.109,0.428658
traffic_mpi_opt,2,20000000,0.90,6,26000.986,0.111145
traffic_mpi_opt,3,20000000,0.10,6,17159.606,1.000000
traffic_mpi_opt,3,20000000,0.30,6,17140.621,1.000000
traffic_mpi_opt,3,20000000,0.50,6,17178.117,0.990147
traffic_mpi_opt,3,20000000,0.70,6,17438.887,0.428784
traffic_mpi_opt,3,20000000,0.90,6,17388.714,0.111169
traffic_mpi_opt,4,20000000,0.10,6,12994.398,1.000000
traffic_mpi_opt,4,20000000,0.30,6,12912.119,1.000000
traffic_mpi_opt,4,20000000,0.50,6,12829.144,0.990252
traffic_mpi_opt,4,20000000,0.70,6,12871.328,0.428859
traffic_mpi_opt,4,20000000,0.90,6,12911.853,0.110936
traffic_mpi,2,8000,0.50,7,29.445,0.985043
traffic_mpi_opt,2,8000,0.50,7,11.386,0.985043
traffic_mpi,2,64000,0.50,7,221.411,0.989689
traffic_mpi_opt,2,64000,0.50,7,78.743,0.982162
traffic_mpi,2,500000,0.50,7,1739.595,0.990029
traffic_mpi_opt,2,500000,0.50,7,623.445,0.986880
traffic_mpi,2,2000000,0.50,7,6955.120,0.990433
traffic_mpi_opt,2,2000000,0.50,7,2590.930,0.990146
traffic_mpi,2,5000000,0.50,7,17732.362,0.990433
traffic_mpi_opt,2,5000000,0.50,7,6401.273,0.989939
traffic_mpi,2,10000000,0.50,7,34967.484,0.989782
traffic_mpi_opt,2,10000000,0.50,7,12726.391,0.989719
traffic_mpi,3,8000,0.50,7,929.209,0.994304
traffic_mpi_opt,3,8000,0.50,7,924.198,0.955346
traffic_mpi,3,64000,0.50,7,928.525,0.992786
traffic_mpi_opt,3,64000,0.50,7,927.123,0.981424
traffic_mpi,3,500000,0.50,7,1362.946,0.988297
traffic_mpi_opt,3,500000,0.50,7,926.302,0.987105
traffic_mpi,3,2000000,0.50,7,4684.446,0.990456
traffic_mpi_opt,3,2000000,0.50,7,2137.075,0.990061
traffic_mpi,3,5000000,0.50,7,11908.931,0.988711
traffic_mpi_opt,3,5000000,0.50,7,4651.338,0.989362
traffic_mpi,3,10000000,0.50,7,18042.722,0.990186
traffic_mpi_opt,3,10000000,0.50,7,8860.061,0.989748
traffic_mpi,4,8000,0.50,7,942.058,0.977636
traffic_mpi_opt,4,8000,0.50,7,941.340,0.991416
traffic_mpi,4,64000,0.50,7,941.247,0.984964
traffic_mpi_opt,4,64000,0.50,7,944.878,0.992300
traffic_mpi,4,500000,0.50,7,1366.212,0.986942
traffic_mpi_opt,4,500000,0.50,7,948.067,0.992164
traffic_mpi,4,2000000,0.50,7,4036.765,0.990532
traffic_mpi_opt,4,2000000,0.50,7,1757.581,0.987452
traffic_mpi,4,5000000,0.50,7,9365.170,0.989258
traffic_mpi_opt,4,5000000,0.50,7,3525.885,0.990199
traffic_mpi,4,10000000,0.50,7,18351.311,0.989994
traffic_mpi_opt,4,10000000,0.50,7,6650.403,0.990351
traffic_mpi,5,8000,0.50,7,997.287,0.997963
traffic_mpi_opt,5,8000,0.50,7,989.114,0.955419
traffic_mpi,5,64000,0.50,7,985.306,0.983634
traffic_mpi_opt,5,64000,0.50,7,1005.457,0.993081
traffic_mpi,5,500000,0.50,7,1325.515,0.987610
traffic_mpi_opt,5,500000,0.50,7,1047.474,0.992645
traffic_mpi,5,2000000,0.50,7,3475.704,0.989471
traffic_mpi_opt,5,2000000,0.50,7,1622.669,0.991074
traffic_mpi,5,5000000,0.50,7,7793.138,0.990820
traffic_mpi_opt,5,5000000,0.50,7,3064.493,0.988976
traffic_mpi,5,10000000,0.50,7,15053.943,0.988766
traffic_mpi_opt,5,10000000,0.50,7,5546.217,0.990023
traffic_mpi,6,8000,0.50,7,956.523,0.966214
traffic_mpi_opt,6,8000,0.50,7,969.303,0.981767
traffic_mpi,6,64000,0.50,7,954.569,0.983151
traffic_mpi_opt,6,64000,0.50,7,987.772,0.985812
traffic_mpi,6,500000,0.50,7,1190.379,0.985953
traffic_mpi_opt,6,500000,0.50,7,1018.058,0.989831
traffic_mpi,6,2000000,0.50,7,2914.039,0.991074
traffic_mpi_opt,6,2000000,0.50,7,1418.837,0.990544
traffic_mpi,6,5000000,0.50,7,6456.343,0.989265
traffic_mpi_opt,6,5000000,0.50,7,2616.316,0.989641
traffic_mpi,6,10000000,0.50,7,12427.590,0.990128
traffic_mpi_opt,6,10000000,0.50,7,4570.302,0.990131
traffic_mpi_opt,2,20000000,0.10,7,25016.512,1.000000
traffic_mpi_opt,2,20000000,0.30,7,25580.860,1.000000
traffic_mpi_opt,2,20000000,0.50,7,25266.565,0.990044
traffic_mpi_opt,2,20000000,0.70,7,25309.765,0.428402
traffic_mpi_opt,2,20000000,0.90,7,25292.198,0.111164
traffic_mpi_opt,3,20000000,0.10,7,17086.152,1.000000
traffic_mpi_opt,3,20000000,0.30,7,17024.564,1.000000
traffic_mpi_opt,3,20000000,0.50,7,17031.450,0.989938
traffic_mpi_opt,3,20000000,0.70,7,17190.494,0.428807
traffic_mpi_opt,3,20000000,0.90,7,17074.924,0.111140
traffic_mpi_opt,4,20000000,0.10,7,13276.428,1.000000
traffic_mpi_opt,4,20000000,0.30,7,12917.056,1.000000
traffic_mpi_opt,4,20000000,0.50,7,12848.703,0.989659
traffic_mpi_opt,4,20000000,0.70,7,12918.422,0.428412
traffic_mpi_opt,4,20000000,0.90,7,12815.037,0.111158
traffic_mpi,2,8000,0.50,8,27.603,0.991122
traffic_mpi_opt,2,8000,0.50,8,11.367,0.991122
traffic_mpi,2,64000,0.50,8,227.036,0.985192
traffic_mpi_opt,2,64000,0.50,8,80.203,0.985854
traffic_mpi,2,500000,0.50,8,1774.644,0.988567
traffic_mpi_opt,2,500000,0.50,8,628.830,0.989220
traffic_mpi,2,2000000,0.50,8,7082.769,0.989006
traffic_mpi_opt,2,2000000,0.50,8,2569.284,0.988399
traffic_mpi,2,5000000,0.50,8,17459.315,0.990531
traffic_mpi_opt,2,5000000,0.50,8,6321.509,0.989797
traffic_mpi,2,10000000,0.50,8,34770.893,0.989912
traffic_mpi_opt,2,10000000,0.50,8,12748.508,0.989893
traffic_mpi,3,8000,0.50,8,950.702,0.975793
traffic_mpi_opt,3,8000,0.50,8,938.368,0.991752
traffic_mpi,3,64000,0.50,8,930.041,0.991076
traffic_mpi_opt,3,64000,0.50,8,932.284,0.995387
traffic_mpi,3,500000,0.50,8,1362.203,0.985814
traffic_mpi_opt,3,500000,0.50,8,927.357,0.986707
traffic_mpi,3,2000000,0.50,8,4720.450,0.989304
traffic_mpi_opt,3,2000000,0.50,8,2174.861,0.989087
traffic_mpi,3,5000000,0.50,8,11696.220,0.990172
traffic_mpi_opt,3,5000000,0.50,8,4666.124,0.989477
traffic_mpi,3,10000000,0.50,8,23516.591,0.989058
traffic_mpi_opt,3,10000000,0.50,8,8903.313,0.989875
traffic_mpi,4,8000,0.50,8,949.677,0.999368
traffic_mpi_opt,4,8000,0.50,8,957.655,0.977807
traffic_mpi,4,64000,0.50,8,942.120,0.996478
traffic_mpi_opt,4,64000,0.50,8,951.240,0.988439
traffic_mpi,4,500000,0.50,8,1377.424,0.988569
traffic_mpi_opt,4,500000,0.50,8,940.817,0.988769
traffic_mpi,4,2000000,0.50,8,4085.317,0.990358
traffic_mpi_opt,4,2000000,0.50,8,1751.412,0.990628
traffic_mpi,4,5000000,0.50,8,9368.275,0.988254
traffic_mpi_opt,4,5000000,0.50,8,3567.506,0.990592
traffic_mpi,4,10000000,0.50,8,18436.927,0.988926
traffic_mpi_opt,4,10000000,0.50,8,6652.729,0.990745
traffic_mpi,5,8000,0.50,8,1004.773,0.998350
traffic_mpi_opt,5,8000,0.50,8,996.240,0.989052
traffic_mpi,5,64000,0.50,8,975.485,0.982865
traffic_mpi_opt,5,64000,0.50,8,1014.481,0.981285
traffic_mpi,5,500000,0.50,8,1328.308,0.989236
traffic_mpi_opt,5,500000,0.50,8,1056.644,0.989653
traffic_mpi,5,2000000,0.50,8,3505.296,0.989939
traffic_mpi_opt,5,2000000,0.50,8,1623.251,0.988224
traffic_mpi,5,5000000,0.50,8,7833.286,0.989482
traffic_mpi_opt,5,5000000,0.50,8,3064.020,0.990125
traffic_mpi,5,10000000,0.50,8,15307.010,0.989702
traffic_mpi_opt,5,10000000,0.50,8,5485.443,0.989870
traffic_mpi,6,8000,0.50,8,979.118,0.927245
traffic_mpi_opt,6,8000,0.50,8,979.094,0.996939
traffic_mpi,6,64000,0.50,8,966.421,0.988687
traffic_mpi_opt,6,64000,0.50,8,980.276,0.989920
traffic_mpi,6,500000,0.50,8,1192.750,0.992648
traffic_mpi_opt,6,500000,0.50,8,1022.517,0.990342
traffic_mpi,6,2000000,0.50,8,2923.561,0.989376
traffic_mpi_opt,6,2000000,0.50,8,1408.997,0.989639
traffic_mpi,6,5000000,0.50,8,6433.425,0.990273
traffic_mpi_opt,6,5000000,0.50,8,2581.729,0.988937
traffic_mpi,6,10000000,0.50,8,12405.905,0.989889
traffic_mpi_opt,6,10000000,0.50,8,4643.011,0.989543
traffic_mpi_opt,2,20000000,0.10,8,25253.349,1.000000
traffic_mpi_opt,2,20000000,0.30,8,25430.663,1.000000
traffic_mpi_opt,2,20000000,0.50,8,25555.353,0.989764
traffic_mpi_opt,2,20000000,0.70,8,25314.079,0.428513
traffic_mpi_opt,2,20000000,0.90,8,25519.166,0.111145
traffic_mpi_opt,3,20000000,0.10,8,17056.058,1.000000
traffic_mpi_opt,3,20000000,0.30,8,17254.250,1.000000
traffic_mpi_opt,3,20000000,0.50,8,17084.481,0.989786
traffic_mpi_opt,3,20000000,0.70,8,17233.928,0.428960
traffic_mpi_opt,3,20000000,0.90,8,17201.379,0.111025
traffic_mpi_opt,4,20000000,0.10,8,13044.146,1.000000
traffic_mpi_opt,4,20000000,0.30,8,12875.784,1.000000
traffic_mpi_opt,4,20000000,0.50,8,12976.432,0.990403
traffic_mpi_opt,4,20000000,0.70,8,12813.315,0.428648
traffic_mpi_opt,4,20000000,0.90,8,12882.483,0.111151
traffic_mpi,2,8000,0.50,9,30.243,0.994852
traffic_mpi_opt,2,8000,0.50,9,11.251,0.994852
traffic_mpi,2,64000,0.50,9,220.453,0.993221
traffic_mpi_opt,2,64000,0.50,9,79.371,0.993603
traffic_mpi,2,500000,0.50,9,1758.250,0.988804
traffic_mpi_opt,2,500000,0.50,9,663.553,0.986413
traffic_mpi,2,2000000,0.50,9,6950.895,0.989933
traffic_mpi_opt,2,2000000,0.50,9,2555.673,0.989460
traffic_mpi,2,5000000,0.50,9,17556.084,0.990797
traffic_mpi_opt,2,5000000,0.50,9,6390.076,0.990300
traffic_mpi,2,10000000,0.50,9,23428.245,0.990206
traffic_mpi_opt,2,10000000,0.50,9,13038.374,0.989563
traffic_mpi,3,8000,0.50,9,925.728,0.987351
traffic_mpi_opt,3,8000,0.50,9,926.113,0.975300
traffic_mpi,3,64000,0.50,9,931.354,0.988869
traffic_mpi_opt,3,64000,0.50,9,924.251,0.990794
traffic_mpi,3,500000,0.50,9,1362.224,0.987898
traffic_mpi_opt,3,500000,0.50,9,926.267,0.987420
traffic_mpi,3,2000000,0.50,9,4685.055,0.989884
traffic_mpi_opt,3,2000000,0.50,9,2141.699,0.990204
traffic_mpi,3,5000000,0.50,9,11745.621,0.989660
traffic_mpi_opt,3,5000000,0.50,9,4645.414,0.990448
traffic_mpi,3,10000000,0.50,9,23324.765,0.989969
traffic_mpi_opt,3,10000000,0.50,9,8723.429,0.990335
traffic_mpi,4,8000,0.50,9,954.042,0.978267
traffic_mpi_opt,4,8000,0.50,9,952.451,0.971440
traffic_mpi,4,64000,0.50,9,949.591,0.981724
traffic_mpi_opt,4,64000,0.50,9,938.776,0.977893
traffic_mpi,4,500000,0.50,9,1364.948,0.986611
traffic_mpi_opt,4,500000,0.50,9,941.761,0.991042
traffic_mpi,4,2000000,0.50,9,4072.904,0.990411
traffic_mpi_opt,4,2000000,0.50,9,1722.495,0.989471
traffic_mpi,4,5000000,0.50,9,9430.858,0.989765
traffic_mpi_opt,4,5000000,0.50,9,3625.649,0.988774
traffic_mpi,4,10000000,0.50,9,18440.610,0.990064
traffic_mpi_opt,4,10000000,0.50,9,6636.681,0.989471
traffic_mpi,5,8000,0.50,9,987.510,0.981867
traffic_mpi_opt,5,8000,0.50,9,988.144,0.956236
traffic_mpi,5,64000,0.50,9,981.908,0.990761
traffic_mpi_opt,5,64000,0.50,9,986.181,0.989097
traffic_mpi,5,500000,0.50,9,1328.594,0.988922
traffic_mpi_opt,5,500000,0.50,9,1054.743,0.987788
traffic_mpi,5,2000000,0.50,9,3482.041,0.991092
traffic_mpi_opt,5,2000000,0.50,9,1599.625,0.991556
traffic_mpi,5,5000000,0.50,9,7802.521,0.990021
traffic_mpi_opt,5,5000000,0.50,9,3111.517,0.990742
traffic_mpi,5,10000000,0.50,9,14695.971,0.989474
traffic_mpi_opt,5,10000000,0.50,9,5925.647,0.990219
traffic_mpi,6,8000,0.50,9,981.599,0.988937
traffic_mpi_opt,6,8000,0.50,9,974.409,0.987091
traffic_mpi,6,64000,0.50,9,968.193,0.981607
traffic_mpi_opt,6,64000,0.50,9,983.532,0.979876
traffic_mpi,6,500000,0.50,9,1171.521,0.988391
traffic_mpi_opt,6,500000,0.50,9,1011.940,0.989586
traffic_mpi,6,2000000,0.50,9,2905.773,0.989503
traffic_mpi_opt,6,2000000,0.50,9,1402.661,0.989456
traffic_mpi,6,5000000,0.50,9,6452.940,0.989312
traffic_mpi_opt,6,5000000,0.50,9,2601.243,0.990576
traffic_mpi,6,10000000,0.50,9,12418.045,0.989377
traffic_mpi_opt,6,10000000,0.50,9,4618.695,0.989954
traffic_mpi_opt,2,20000000,0.10,9,25496.518,1.000000
traffic_mpi_opt,2,20000000,0.30,9,25270.211,1.000000
traffic_mpi_opt,2,20000000,0.50,9,25610.639,0.990488
traffic_mpi_opt,2,20000000,0.70,9,25331.490,0.428750
traffic_mpi_opt,2,20000000,0.90,9,25293.463,0.111141
traffic_mpi_opt,3,20000000,0.10,9,17117.710,1.000000
traffic_mpi_opt,3,20000000,0.30,9,17001.214,1.000000
traffic_mpi_opt,3,20000000,0.50,9,17216.911,0.989886
traffic_mpi_opt,3,20000000,0.70,9,16994.504,0.428071
traffic_mpi_opt,3,20000000,0.90,9,17070.250,0.111060
traffic_mpi_opt,4,20000000,0.10,9,12815.191,1.000000
traffic_mpi_opt,4,20000000,0.30,9,12838.614,1.000000
traffic_mpi_opt,4,20000000,0.50,9,12798.512,0.989864
traffic_mpi_opt,4,20000000,0.70,9,12858.084,0.428757
traffic_mpi_opt,4,20000000,0.90,9,12949.511,0.111034
traffic_mpi,2,8000,0.50,10,28.953,0.999070
traffic_mpi_opt,2,8000,0.50,10,11.076,1.000000
traffic_mpi,2,64000,0.50,10,225.621,0.987444
traffic_mpi_opt,2,64000,0.50,10,81.021,0.980458
traffic_mpi,2,500000,0.50,10,1759.119,0.987054
traffic_mpi_opt,2,500000,0.50,10,646.301,0.987965
traffic_mpi,2,2000000,0.50,10,6975.124,0.989774
traffic_mpi_opt,2,2000000,0.50,10,2543.208,0.988953
traffic_mpi,2,5000000,0.50,10,17351.426,0.990955
traffic_mpi_opt,2,5000000,0.50,10,6443.448,0.990696
traffic_mpi,2,10000000,0.50,10,35174.976,0.989043
traffic_mpi_opt,2,10000000,0.50,10,12790.794,0.989810
traffic_mpi,3,8000,0.50,10,928.253,0.961232
traffic_mpi_opt,3,8000,0.50,10,927.996,0.997898
traffic_mpi,3,64000,0.50,10,926.411,0.979284
traffic_mpi_opt,3,64000,0.50,10,934.007,0.989602
traffic_mpi,3,500000,0.50,10,1374.748,0.988294
traffic_mpi_opt,3,500000,0.50,10,927.002,0.986681
traffic_mpi,3,2000000,0.50,10,4678.030,0.988818
traffic_mpi_opt,3,2000000,0.50,10,2118.693,0.988635
traffic_mpi,3,5000000,0.50,10,11635.268,0.990935
traffic_mpi_opt,3,5000000,0.50,10,4673.149,0.990011
traffic_mpi,3,10000000,0.50,10,23648.859,0.990016
traffic_mpi_opt,3,10000000,0.50,10,8797.765,0.990425
traffic_mpi,4,8000,0.50,10,937.529,0.999428
traffic_mpi_opt,4,8000,0.50,10,952.833,0.988129
traffic_mpi,4,64000,0.50,10,951.222,0.989240
traffic_mpi_opt,4,64000,0.50,10,959.365,0.984575
traffic_mpi,4,500000,0.50,10,1368.652,0.988282
traffic_mpi_opt,4,500000,0.50,10,947.175,0.991030
traffic_mpi,4,2000000,0.50,10,4032.815,0.990082
traffic_mpi_opt,4,2000000,0.50,10,1699.099,0.990299
traffic_mpi,4,5000000,0.50,10,9450.650,0.989805
traffic_mpi_opt,4,5000000,0.50,10,3536.015,0.988658
traffic_mpi,4,10000000,0.50,10,18361.054,0.989949
traffic_mpi_opt,4,10000000,0.50,10,6732.910,0.989497
traffic_mpi,5,8000,0.50,10,999.010,0.999775
traffic_mpi_opt,5,8000,0.50,10,1010.105,0.963786
traffic_mpi,5,64000,0.50,10,997.918,0.985814
traffic_mpi_opt,5,64000,0.50,10,991.337,0.984829
traffic_mpi,5,500000,0.50,10,1332.766,0.988028
traffic_mpi_opt,5,500000,0.50,10,1052.988,0.987918
traffic_mpi,5,2000000,0.50,10,3486.815,0.988759
traffic_mpi_opt,5,2000000,0.50,10,1615.798,0.988754
traffic_mpi,5,5000000,0.50,10,7827.624,0.989035
traffic_mpi_opt,5,5000000,0.50,10,3119.287,0.990107
traffic_mpi,5,10000000,0.50,10,15092.883,0.989755
traffic_mpi_opt,5,10000000,0.50,10,5494.849,0.990180
traffic_mpi,6,8000,0.50,10,975.768,0.994956
traffic_mpi_opt,6,8000,0.50,10,978.427,0.971475
traffic_mpi,6,64000,0.50,10,968.390,0.987483
traffic_mpi_opt,6,64000,0.50,10,950.597,0.986404
traffic_mpi,6,500000,0.50,10,1189.037,0.990587
traffic_mpi_opt,6,500000,0.50,10,1012.996,0.989772
traffic_mpi,6,2000000,0.50,10,2919.829,0.989055
traffic_mpi_opt,6,2000000,0.50,10,1402.313,0.989852
traffic_mpi,6,5000000,0.50,10,6455.042,0.989649
traffic_mpi_opt,6,5000000,0.50,10,2615.429,0.990616
traffic_mpi,6,10000000,0.50,10,12414.652,0.988955
traffic_mpi_opt,6,10000000,0.50,10,4531.214,0.989666
traffic_mpi_opt,2,20000000,0.10,10,25505.553,1.000000
traffic_mpi_opt,2,20000000,0.30,10,25209.442,1.000000
traffic_mpi_opt,2,20000000,0.50,10,25480.052,0.990315
traffic_mpi_opt,2,20000000,0.70,10,25124.043,0.428685
traffic_mpi_opt,2,20000000,0.90,10,25285.683,0.110994
traffic_mpi_opt,3,20000000,0.10,10,17007.072,1.000000
traffic_mpi_opt,3,20000000,0.30,10,17063.130,1.000000
traffic_mpi_opt,3,20000000,0.50,10,17122.124,0.990867
traffic_mpi_opt,3,20000000,0.70,10,17230.784,0.428488
traffic_mpi_opt,3,20000000,0.90,10,17015.366,0.111162
traffic_mpi_opt,4,20000000,0.10,10,12967.675,1.000000
traffic_mpi_opt,4,20000000,0.30,10,12896.083,1.000000
traffic_mpi_opt,4,20000000,0.50,10,12873.339,0.989995
traffic_mpi_opt,4,20000000,0.70,10,12697.058,0.428601
traffic_mpi_opt,4,20000000,0.90,10,12927.843,0.111029
